Dealer ID,Dealer Name,Phone,Address,City,State,Custom Address,Dealer Iframe Map,Zip Code,About Dealer,Dealer Image,Lical Image,Radius,Rating,Review Count,Invnetory Link,
D-24787031,Statewide Auto Sales,N/A,5346 Darling St,Houston,TX,"Houston, TX",N/A,77007,"Great deal, great car. I have been driving the car for 60+ days and haven't had any issues. Everyone is super nice and very helpful!",https://static1.cargurus.com/gfx/dealersnearme/dealer_logo_placeholder.png,public/uploads/dealer/753 dealerships within 100 mi_Houston_TX.jpg,0 mi,5.0,5,https://www.cargurus.com/Cars/m-Statewide-Auto-Sales-sp453340,"['1', '1']"
D-24787032,Reliable Auto Sales,N/A,"4802 Larkin St,  Suite A",Houston,TX,"Houston, TX",N/A,77007,Yes he made me aware of the price and the condition of the truck and that he would work with me to get me what I wanted,https://static1.cargurus.com/gfx/dealersnearme/dealer_logo_placeholder.png,public/uploads/dealer/753 dealerships within 100 mi_Houston_TX.jpg,1 mi,4.3,3,https://www.cargurus.com/Cars/m-Reliable-Auto-Sales-sp378127,"['1', '1']"
D-24787033,Grubbs Volvo Cars Central Houston,N/A,7620 Washington Ave,Houston,TX,"Houston, TX",N/A,77007,Excellent,https://static.cargurus.com/images/site/2023/08/07/10/07/grubbs_volvo_cars_central_houston-pic-1790534206663456094-200x200.jpeg,public/uploads/dealer/753 dealerships within 100 mi_Houston_TX.jpg,1 mi,4.2,10,https://www.cargurus.com/Cars/m-Grubbs-Volvo-Cars-Central-Houston-sp445281,"['1', '1']"
D-24787034,Uptown Motor Cars,N/A,1132 N Shepherd Dr,Houston,TX,"Houston, TX",N/A,77008,"Fantastic experience! Kam was very patient and honest throughout the entire process. We came down from College Station to look at a vehicle. He was very straightforward and honest with what they could offer from a price & trade in value. It was a very fair offer, and he went above and beyond by replacing a torn piece of upholstery, doing a fresh oil change, and helping us with title issues with our previous car. We've had the car a few days, and we are very happy.",https://static.cargurus.com/images/site/2021/10/08/13/19/uptown_motor_cars-pic-15853898166512794058-200x200.jpeg,public/uploads/dealer/753 dealerships within 100 mi_Houston_TX.jpg,1 mi,4.9,7,https://www.cargurus.com/Cars/m-Uptown-Motor-Cars-sp289602,"['1', '1']"
D-24787035,Tommie Vaughn Ford,N/A,1201 N Shepherd Dr,Houston,TX,"Houston, TX",N/A,77008,No reviews available,No image,,1 mi,5.0,2,https://www.cargurus.com/Cars/m-Tommie-Vaughn-Ford-sp334047,"['1', '1']"
D-24787036,Star Motor Cars,N/A,7000 Katy Road,Houston,TX,"Houston, TX",N/A,77024,Responded immediately,https://static.cargurus.com/images/site/2022/03/23/17/07/star_motor_cars-pic-1043178816096321543-200x200.jpeg,public/uploads/dealer/753 dealerships within 100 mi_Houston_TX.jpg,1 mi,5.0,7,https://www.cargurus.com/Cars/m-Star-Motor-Cars-sp64552,"['1', '1']"
D-24787037,Aston Martin Houston,N/A,7000 Katy Rd,Houston,TX,"Houston, TX",N/A,77024,"Tom Duer, Sales Manager, is an all star!",https://static.cargurus.com/images/site/2022/09/23/11/03/aston_martin_houston-pic-10550176904900875523-200x200.jpeg,public/uploads/dealer/753 dealerships within 100 mi_Houston_TX.jpg,1 mi,5.0,1,https://www.cargurus.com/Cars/m-Aston-Martin-Houston-sp448491,"['1', '1']"
D-24787038,Jaguar Land Rover Houston Central,N/A,7019 Old Katy Rd,Houston,TX,"Houston, TX",N/A,77024,They were very responsive and helpful,https://static1.cargurus.com/gfx/dealersnearme/dealer_logo_placeholder.png,public/uploads/dealer/753 dealerships within 100 mi_Houston_TX.jpg,2 mi,4.3,10,https://www.cargurus.com/Cars/m-Jaguar-Land-Rover-Houston-Central-sp284661,"['1', '1']"
D-24787039,Fuentes Truck and Auto Sales,N/A,1501 W 15th St,Houston,TX,"Houston, TX",N/A,77008,Appreciate the test ride.,https://static.cargurus.com/images/site/2018/03/30/11/09/fuentes_truck_and_auto_sales-pic-5413599389629029070-200x200.jpeg,public/uploads/dealer/753 dealerships within 100 mi_Houston_TX.jpg,2 mi,5.0,1,https://www.cargurus.com/Cars/m-Fuentes-Truck-and-Auto-Sales-sp397591,"['1', '1']"
D-24787040,Texas Izi Auto,N/A,3216 Washington Ave,Houston,TX,"Houston, TX",N/A,77007,Returned call -very cordial,https://static1.cargurus.com/gfx/dealersnearme/dealer_logo_placeholder.png,public/uploads/dealer/753 dealerships within 100 mi_Houston_TX.jpg,2 mi,4.8,8,https://www.cargurus.com/Cars/m-Texas-Izi-Auto-sp446378,"['1', '1']"
D-24787041,Heights Motor Credit,N/A,625 North Loop W,Houston,TX,"Houston, TX",N/A,77008,Very friendly professional great experience and we purchased the vehicle,https://static.cargurus.com/images/site/2020/04/04/11/14/heights_motor_credit-pic-12724168732666214191-200x200.jpeg,public/uploads/dealer/753 dealerships within 100 mi_Houston_TX.jpg,3 mi,3.9,21,https://www.cargurus.com/Cars/m-Heights-Motor-Credit-sp407599,"['1', '1']"
D-24787042,National Auto Group,N/A,2218 North Loop West,Houston,TX,"Houston, TX",N/A,77018,This dealership responded in a timely manner. I'm the only one holding up the deal.,https://static.cargurus.com/images/site/2024/09/10/11/43/national_auto_group-pic-2252147420225960868-200x200.jpeg,public/uploads/dealer/753 dealerships within 100 mi_Houston_TX.jpg,3 mi,5.0,3,https://www.cargurus.com/Cars/m-National-Auto-Group-sp432668,"['1', '1']"
D-24787043,Direct Car Company,N/A,333 North Loop West,Houston,TX,"Houston, TX",N/A,77008,"I think someone called. I did call them. The conversation was very brief. Their no hassle price on an 8 years old car with 3 owners and one accident was not going to change. I 
asked if their price was set, they said, ""yes"" I wish I had more to say. But, that was the total of what happened.  With this NO HASSLE pricing (which is what the dealer says 
the car is worth) there is no talking. It's either basically,  Their way or No way!!  That is all dealer's using no hassle pricing..",https://static1.cargurus.com/gfx/dealersnearme/dealer_logo_placeholder.png,public/uploads/dealer/753 dealerships within 100 mi_Houston_TX.jpg,3 mi,4.6,11,https://www.cargurus.com/Cars/m-Direct-Car-Company-sp432200,"['1', '1']"
D-24787044,Post Oak Motor Cars,N/A,1530 West Loop,Houston,TX,"Houston, TX",N/A,77027,We had a GREAT experience with this dealership! Our sales associate Max was outstanding! He was very patient and kind and attentive to our needs. We are very pleased with our purchase and would definitely choose them in the future on our next vehicle purchase.,https://static.cargurus.com/images/site/2024/08/09/13/06/post_oak_motor_cars-pic-8629968833121823850-200x200.jpeg,public/uploads/dealer/753 dealerships within 100 mi_Houston_TX.jpg,3 mi,4.3,6,https://www.cargurus.com/Cars/m-Post-Oak-Motor-Cars-sp238348,"['1', '1']"
D-24787045,Mobilease Auto Sales,N/A,3815 Dacoma Street,Houston,TX,"Houston, TX",N/A,77092,"Friendly sales associate, actually went and got the van from the Chevy dealership that was performing some service on the vehicle, so 
that I could come look at the van while I was in the area for other appointments.",https://static.cargurus.com/images/site/2017/11/29/12/32/mobilease_auto_sales-pic-5280559911735687120-200x200.jpeg,public/uploads/dealer/753 dealerships within 100 mi_Houston_TX.jpg,3 mi,5.0,3,https://www.cargurus.com/Cars/m-Mobilease-Auto-Sales-sp376662,"['1', '1']"
D-24787046,GoAuto,N/A,1502 W 34th St,Houston,TX,"Houston, TX",N/A,77018,"I went to the address they gave me and when I 
got there there was no car dealership or car 
company in that place then I called the phone 
number again someone answered and said this 
address is wrong then he gave me the other 
address to go and I actually went to the new 
address but they were closed and after that I tried 
calling again and again he didn't answer the calls 
.   and today, July 6 someone call me from go 
auto and he was rude and not nice and he lie to 
me.  and there is a lot of details so what Iâm trying 
to say that this dealership is not professional And 
liar and rude and   Untrustworthy. + his foxy.",https://static.cargurus.com/images/site/2018/10/08/11/52/goauto-pic-5811619847297469802-200x200.jpeg,public/uploads/dealer/753 dealerships within 100 mi_Houston_TX.jpg,3 mi,4.3,6,https://www.cargurus.com/Cars/m-GoAuto-sp411151,"['1', '1']"
D-24787047,Texas Bus Sales,N/A,1605 West 34th St.,Houston,TX,"Houston, TX",N/A,77206,No reviews available,No image,,3 mi,N/A,N/A,https://www.cargurus.com/Cars/m-Texas-Bus-Sales-sp380287,"['1', '1']"
D-24787048,Ella Blvd Motors,N/A,3401 Ella Blvd,Houston,TX,"Houston, TX",N/A,77018,They did respond right away with an email and all the info I needed.,https://static.cargurus.com/images/site/2020/08/21/12/22/ella_blvd_motors-pic-1011352813318949237-200x200.jpeg,public/uploads/dealer/753 dealerships within 100 mi_Houston_TX.jpg,3 mi,5.0,2,https://www.cargurus.com/Cars/m-Ella-Blvd-Motors-sp319726,"['1', '1']"
D-24787049,Knapp Chevrolet,N/A,815 Houston Ave,Houston,TX,"Houston, TX",N/A,77007,Good,https://static.cargurus.com/images/site/2017/07/13/10/27/knapp_chevrolet__inc_-pic-8338474593457235737-1600x1200.png,public/uploads/dealer/753 dealerships within 100 mi_Houston_TX.jpg,3 mi,2.9,7,https://www.cargurus.com/Cars/m-Knapp-Chevrolet-sp53544,"['1', '1']"
D-24787050,Auto Icon,N/A,423 E 29th St,Houston,TX,"Houston, TX",N/A,77008,No reviews available,https://static.cargurus.com/images/site/2016/06/06/19/25/auto_icon-pic-5345762944659680892-200x200.jpeg,public/uploads/dealer/753 dealerships within 100 mi_Houston_TX.jpg,3 mi,N/A,N/A,https://www.cargurus.com/Cars/m-Auto-Icon-sp345655,"['1', '1']"
D-24787051,Momentum Volkswagen of Upper Kirby,N/A,2405 Richmond Ave,Houston,TX,"Houston, TX",N/A,77098,"Javier was amazing, smoothest and fastest car shopping experience. Highly recommend!",https://static.cargurus.com/images/site/2022/07/28/16/58/momentum_volkswagen_of_upper_kirby-pic-16187901033834331179-200x200.jpeg,public/uploads/dealer/753 dealerships within 100 mi_Houston_TX.jpg,3 mi,4.2,12,https://www.cargurus.com/Cars/m-Momentum-Volkswagen-of-Upper-Kirby-sp63105,"['1', '1']"
D-24787052,Helfman Alfa Romeo,N/A,7720 Katy Freeway,Houston,TX,"Houston, TX",N/A,77024,No reviews available,https://static1.cargurus.com/gfx/dealersnearme/dealer_logo_placeholder.png,public/uploads/dealer/753 dealerships within 100 mi_Houston_TX.jpg,3 mi,N/A,N/A,https://www.cargurus.com/Cars/m-Helfman-Alfa-Romeo-sp302136,"['1', '1']"
D-24787053,Helfman Dodge Chrysler Jeep Ram,N/A,7720 Katy Freeway,Houston,TX,"Houston, TX",N/A,77024,They responded promptly and answered my questions,https://static1.cargurus.com/gfx/dealersnearme/dealer_logo_placeholder.png,public/uploads/dealer/753 dealerships within 100 mi_Houston_TX.jpg,3 mi,5.0,6,https://www.cargurus.com/Cars/m-Helfman-Dodge-Chrysler-Jeep-Ram-sp284660,"['1', '1']"
D-24787054,Helfman Maserati,N/A,"7720 Katy Fwy,  Houston TX 77024 United States",Houston,TX,"Houston, TX",N/A,77024,No reviews available,No image,,3 mi,N/A,N/A,https://www.cargurus.com/Cars/m-Helfman-Maserati-sp447939,"['1', '1']"
D-24787055,AMC Trucks,N/A,6519 Long Point Rd,Houston,TX,"Houston, TX",N/A,77055,No reviews available,https://static.cargurus.com/images/site/2024/06/26/11/22/amc_trucks-pic-10035273823076945744-200x200.jpeg,public/uploads/dealer/753 dealerships within 100 mi_Houston_TX.jpg,3 mi,N/A,N/A,https://www.cargurus.com/Cars/m-AMC-Trucks-sp454160,"['1', '1']"
D-24787056,Auto-x autosales,N/A,803 N Loop Fwy,Houston,TX,"Houston, TX",N/A,77022,Very helpful and responsive. Was not aware of previous accident on vehicle. That is the only reason we couldn't make a deal.,https://static1.cargurus.com/gfx/dealersnearme/dealer_logo_placeholder.png,public/uploads/dealer/753 dealerships within 100 mi_Houston_TX.jpg,3 mi,4.3,3,https://www.cargurus.com/Cars/m-Auto-x-autosales-sp452215,"['1', '1']"
D-24787057,Audi Central Houston,N/A,2120 Southwest Freeway,Houston,TX,"Houston, TX",N/A,77098,I was told that the manager would get back to me on Monday.  That didn’t happen.,https://static1.cargurus.com/gfx/dealersnearme/dealer_logo_placeholder.png,public/uploads/dealer/753 dealerships within 100 mi_Houston_TX.jpg,3 mi,4.5,4,https://www.cargurus.com/Cars/m-Audi-Central-Houston-sp342841,"['1', '1']"
D-24787058,Porsche River Oaks,N/A,4007 Greenbriar Drive,Houston,TX,"Houston, TX",N/A,77098,Great experience and customer service 10/10 if I could rate it 10 stars,https://static.cargurus.com/images/site/2024/09/23/12/25/porsche_river_oaks-pic-1421487764043578845-200x200.jpeg,public/uploads/dealer/753 dealerships within 100 mi_Houston_TX.jpg,3 mi,5.0,7,https://www.cargurus.com/Cars/m-Porsche-River-Oaks-sp290490,"['1', '1']"
D-24787059,River Oaks Chrysler Jeep Dodge Ram,N/A,4807 Kirby Drive,Houston,TX,"Houston, TX",N/A,77098,"Salesman was very professional and did what he said. Overall, a pleasant experience to 
work with this dealership. We actually selected different vehicle once we arrived. All went 
well",https://static.cargurus.com/images/site/2015/12/01/11/35/river_oaks_chrysler_jeep_dodge_ram-pic-6787208333669609613-200x200.jpeg,public/uploads/dealer/753 dealerships within 100 mi_Houston_TX.jpg,3 mi,4.1,9,https://www.cargurus.com/Cars/m-River-Oaks-Chrysler-Jeep-Dodge-Ram-sp63198,"['1', '1']"
D-24787060,MidWest Auto Group,N/A,1025 N Loop Fwy,Houston,TX,"Houston, TX",N/A,77022,No reviews available,https://static1.cargurus.com/gfx/dealersnearme/dealer_logo_placeholder.png,public/uploads/dealer/753 dealerships within 100 mi_Houston_TX.jpg,3 mi,N/A,N/A,https://www.cargurus.com/Cars/m-MidWest-Auto-Group-sp455184,"['1', '1']"
D-24787061,"Strait Motor Cars, Inc.",N/A,4125 Richmond Avenue,Houston,TX,"Houston, TX",N/A,77027,No reviews available,No image,,3 mi,N/A,N/A,https://www.cargurus.com/Cars/m-Strait-Motor-Cars-Inc-sp287422,"['1', '1']"
D-24787062,Auto Drive,N/A,1015 Antoine Dr,Houston,TX,"Houston, TX",N/A,77055,Just purchased a car here and had a very comfortable experience. They have a lot of high-end vehicles in great conditions. Sales person Juanita was very professional and made the experience positive. I will be back to purchase my next vehicle from them.,https://static.cargurus.com/images/site/2024/05/16/14/21/auto_drive-pic-16911997169164983584-200x200.jpeg,public/uploads/dealer/753 dealerships within 100 mi_Houston_TX.jpg,3 mi,5.0,3,https://www.cargurus.com/Cars/m-Auto-Drive-sp448563,"['1', '1']"
D-24787063,Mercedes-Benz of Houston Greenway,N/A,3900 Southwest Freeway,Houston,TX,"Houston, TX",N/A,77027,I bought the car Mrs Perez & Mr Enrique wuz wonderful ! Great experience,https://static.cargurus.com/images/site/2017/08/07/13/13/mercedes-benz_of_greenway-pic-282425395839658129-1600x1200.jpeg,public/uploads/dealer/753 dealerships within 100 mi_Houston_TX.jpg,4 mi,4.6,29,https://www.cargurus.com/Cars/m-Mercedes-Benz-of-Houston-Greenway-sp278176,"['1', '1']"
D-24787064,Advantage BMW Midtown,N/A,1305 Gray St,Houston,TX,"Houston, TX",N/A,77002,Great customer service,https://static.cargurus.com/images/site/2022/09/19/15/38/advantage_bmw_midtown-pic-6075023656131270586-200x200.jpeg,public/uploads/dealer/753 dealerships within 100 mi_Houston_TX.jpg,4 mi,4.2,40,https://www.cargurus.com/Cars/m-Advantage-BMW-Midtown-sp311059,"['1', '1']"
D-24787065,Drive Max,N/A,3907 Irvington Blvd,Houston,TX,"Houston, TX",N/A,77009,Contacted promptly,https://static.cargurus.com/images/site/2021/11/18/15/43/drive_max-pic-10418249074105146902-200x200.jpeg,public/uploads/dealer/753 dealerships within 100 mi_Houston_TX.jpg,4 mi,4.8,8,https://www.cargurus.com/Cars/m-Drive-Max-sp347598,"['1', '1']"
D-24787066,Amazon Auto Sales,N/A,4619 N Shepherd Dr,Houston,TX,"Houston, TX",N/A,77018,"The dealership contacted me promptly.  Ana is very pleasant and professional.  They seem to have to be able to work with everyone 
regardless of their credit challenges.  They were honest and straight shooters.  Will certainly be back.",https://static.cargurus.com/images/site/2016/01/27/12/23/amazon_auto_sales-pic-2918115089392385852-200x200.jpeg,public/uploads/dealer/753 dealerships within 100 mi_Houston_TX.jpg,4 mi,3.2,4,https://www.cargurus.com/Cars/m-Amazon-Auto-Sales-sp284659,"['1', '1']"
D-24787067,Auto Alliance,N/A,1616 McGowen St.,Houston,TX,"Houston, TX",N/A,77004,I was contacted!,https://static1.cargurus.com/gfx/dealersnearme/dealer_logo_placeholder.png,public/uploads/dealer/753 dealerships within 100 mi_Houston_TX.jpg,4 mi,5.0,4,https://www.cargurus.com/Cars/m-Auto-Alliance-sp437826,"['1', '1']"
D-24787068,Alsa Enterprise Motors,N/A,3055 Sage Rd,Houston,TX,"Houston, TX",N/A,77056,"Found three problems in the car before buying. AC, radio and   brakes. They fixed the first two and changed the pads for the front wheels only. We paid the amount in cash doing our best making sure the car has no issues as they said and carfax showed. Got the car from them and took it to a Toyota dealership. They found an engine oil leak which cost us $2600. Called them, they said we can't do anything for you. So, if you want to buy from them do yourself a favor and take the car to a mechanic. If they do not let you, go somewhere else because they do not own their dishonesty.",https://static.cargurus.com/images/site/2022/07/24/00/54/alsa_enterprise_motors-pic-15432572599325212906-200x200.jpeg,public/uploads/dealer/753 dealerships within 100 mi_Houston_TX.jpg,4 mi,4.3,7,https://www.cargurus.com/Cars/m-Alsa-Enterprise-Motors-sp402153,"['1', '1']"
D-24787069,Auto Outlet,N/A,4301 Mangum Rd,Houston,TX,"Houston, TX",N/A,77092,I was called and responded,https://static.cargurus.com/images/site/2019/09/13/14/39/auto_outlet-pic-91095247770788093-200x200.jpeg,public/uploads/dealer/753 dealerships within 100 mi_Houston_TX.jpg,5 mi,4.8,10,https://www.cargurus.com/Cars/m-Auto-Outlet-sp408182,"['1', '1']"
D-24787070,Paisanos Auto Sales,N/A,2212 Wirt Rd,Houston,TX,"Houston, TX",N/A,77055,No reviews available,No image,,5 mi,2.2,5,https://www.cargurus.com/Cars/m-Paisanos-Auto-Sales-sp336189,"['1', '1']"
D-24787071,Westside Motors,N/A,8150 Long Point Rd,Houston,TX,"Houston, TX",N/A,77055,"Car is in terrible condition 

-Smelt bad
-outside had wear/tear
-many red flags",https://static.cargurus.com/images/site/2019/10/02/12/43/westside_motors-pic-7426599545972888841-200x200.jpeg,public/uploads/dealer/753 dealerships within 100 mi_Houston_TX.jpg,5 mi,4.0,4,https://www.cargurus.com/Cars/m-Westside-Motors-sp376082,"['1', '1']"
D-24787072,TX Auto Group,N/A,5803 Richmond Ave,Houston,TX,"Houston, TX",N/A,77057,Very good experience.  The staff was very quick to act and gave all the information I asked for.,https://static.cargurus.com/images/site/2022/06/06/16/10/tx_auto_group-pic-13871017061343817152-200x200.jpeg,public/uploads/dealer/753 dealerships within 100 mi_Houston_TX.jpg,5 mi,4.3,82,https://www.cargurus.com/Cars/m-TX-Auto-Group-sp377433,"['1', '1']"
D-24787073,Houston Auto Broker,N/A,5613 Star Ln,Houston,TX,"Houston, TX",N/A,77057,The dealer was very quick and responsive when I inquired about a vehicle.,https://static.cargurus.com/images/site/2020/02/07/14/15/houston_auto_broker-pic-6835528226536903025-200x200.jpeg,public/uploads/dealer/753 dealerships within 100 mi_Houston_TX.jpg,5 mi,3.0,2,https://www.cargurus.com/Cars/m-Houston-Auto-Broker-sp410287,"['1', '1']"
D-24787074,Fard Auto Group LLC,N/A,904 W Tidwell Rd B2,Houston,TX,"Houston, TX",N/A,77091,No reviews available,https://static.cargurus.com/images/site/2024/08/27/16/22/fard_auto_group_llc-pic-16681977244293151274-200x200.jpeg,public/uploads/dealer/753 dealerships within 100 mi_Houston_TX.jpg,5 mi,N/A,N/A,https://www.cargurus.com/Cars/m-Fard-Auto-Group-LLC-sp456553,"['1', '1']"
D-24787075,XSell Motors,N/A,5628 Star Ln,Houston,TX,"Houston, TX",N/A,77057,No reviews available,No image,,5 mi,1.0,1,https://www.cargurus.com/Cars/m-XSell-Motors-sp284677,"['1', '1']"
D-24787076,Park Place Auto Sales,N/A,5829 Richmond Ave,Houston,TX,"Houston, TX",N/A,77057,Had a good experience,https://static.cargurus.com/images/site/2021/01/06/01/28/park_place_auto_sales-pic-4704002873961473803-200x200.jpeg,public/uploads/dealer/753 dealerships within 100 mi_Houston_TX.jpg,5 mi,4.5,2,https://www.cargurus.com/Cars/m-Park-Place-Auto-Sales-sp439958,"['1', '1']"
D-24787077,SC Sales,N/A,5711 Star Ln,Houston,TX,"Houston, TX",N/A,77057,"Good has car, informative",https://static1.cargurus.com/gfx/dealersnearme/dealer_logo_placeholder.png,public/uploads/dealer/753 dealerships within 100 mi_Houston_TX.jpg,5 mi,4.0,1,https://www.cargurus.com/Cars/m-SC-Sales-sp288360,"['1', '1']"
D-24787078,Team Autoplex,N/A,5714 Star Lane,Houston,TX,"Houston, TX",N/A,77057,"Best experience ever!!!! First time buying a car off a dealership and I couldn't ask for a better salesman. Very patient and understanding. He walk me through the process of buying the CRV and worked with my credit union since I was financing with TDECU. Overall, 10/10 and would highly recommend them!!!!",https://static.cargurus.com/images/site/2018/04/11/14/58/team_autoplex-pic-516247948254136546-200x200.jpeg,public/uploads/dealer/753 dealerships within 100 mi_Houston_TX.jpg,5 mi,5.0,3,https://www.cargurus.com/Cars/m-Team-Autoplex-sp238386,"['1', '1']"
D-24787079,Hollywood Motors,N/A,5624 Southwest Fwy,Houston,TX,"Houston, TX",N/A,77057,No reviews available,No image,,5 mi,N/A,N/A,https://www.cargurus.com/Cars/m-Hollywood-Motors-sp414115,"['1', '1']"
D-24787080,Private Club Motors,N/A,5626 Southwest Freeway,Houston,TX,"Houston, TX",N/A,77057,great,https://static.cargurus.com/images/site/2022/03/30/17/45/private_club_motors-pic-11538505539084899013-200x200.jpeg,public/uploads/dealer/753 dealerships within 100 mi_Houston_TX.jpg,5 mi,3.8,4,https://www.cargurus.com/Cars/m-Private-Club-Motors-sp384476,"['1', '1']"
D-24787081,K9 Motors,N/A,309 East Tidwell Road,Houston,TX,"Houston, TX",N/A,77022,"Good customer service,  was patient with me during traffic,  has extreme good manners...",https://static.cargurus.com/images/site/2022/03/01/10/25/k9_motors-pic-3073292702711235075-200x200.jpeg,public/uploads/dealer/753 dealerships within 100 mi_Houston_TX.jpg,5 mi,5.0,1,https://www.cargurus.com/Cars/m-K9-Motors-sp436459,"['1', '1']"
D-24787082,S Auto Houston,N/A,5704 Southwest Fwy,Houston,TX,"Houston, TX",N/A,77057,No reviews available,No image,,5 mi,5.0,1,https://www.cargurus.com/Cars/m-S-Auto-Houston-sp446887,"['1', '1']"
D-24787083,Jaycee Imports LLC,N/A,5708 Southwest Fwy,Houston,TX,"Houston, TX",N/A,77057,Very responsive,https://static1.cargurus.com/gfx/dealersnearme/dealer_logo_placeholder.png,public/uploads/dealer/753 dealerships within 100 mi_Houston_TX.jpg,5 mi,5.0,1,https://www.cargurus.com/Cars/m-Jaycee-Imports-LLC-sp457011,"['1', '1']"
D-24787084,Houston Car Direct,N/A,5825 Schumacher Ln,Houston,TX,"Houston, TX",N/A,77057,Great job. They answered my questions.,https://static.cargurus.com/images/site/2023/07/18/22/09/houston_car_direct-pic-13316145985954383463-200x200.jpeg,public/uploads/dealer/753 dealerships within 100 mi_Houston_TX.jpg,5 mi,4.9,10,https://www.cargurus.com/Cars/m-Houston-Car-Direct-sp447945,"['1', '1']"
D-24787085,Auto Vision LLC,N/A,"5804 Star Ln,  Suite A",Houston,TX,"Houston, TX",N/A,77057,My experience was great! So great I bought another BMW. I will definitely be a repeat customer!,https://static.cargurus.com/images/site/2019/04/02/13/06/auto_vision_llc-pic-2448900695767434240-200x200.jpeg,public/uploads/dealer/753 dealerships within 100 mi_Houston_TX.jpg,5 mi,5.0,2,https://www.cargurus.com/Cars/m-Auto-Vision-LLC-sp410589,"['1', '1']"
D-24787086,Nxcess Motorcars,N/A,5726 Southwest Freeway,Houston,TX,"Houston, TX",N/A,77057,I did a deposit and they sold the car anyway after talking to me sign in the contract and then they sold the car to somebody else two days later without notifying me,https://static.cargurus.com/images/site/2015/07/23/17/52/nxcess_motorcars-pic-6456808874945779376-200x200.jpeg,public/uploads/dealer/753 dealerships within 100 mi_Houston_TX.jpg,5 mi,4.0,5,https://www.cargurus.com/Cars/m-Nxcess-Motorcars-sp284676,"['1', '1']"
D-24787087,J&J Fleet LLC,N/A,1501 Bingle Rd,Houston,TX,"Houston, TX",N/A,77055,Great communication!,https://static1.cargurus.com/gfx/dealersnearme/dealer_logo_placeholder.png,public/uploads/dealer/753 dealerships within 100 mi_Houston_TX.jpg,5 mi,5.0,2,https://www.cargurus.com/Cars/m-J-J-Fleet-LLC-sp454625,"['1', '1']"
D-24787088,Done Deal Auto Sales,N/A,5701 Southwest Freeway,Houston,TX,"Houston, TX",N/A,77057,"I live in San Antonio and you're in Houston. I like the car it was just priced higher than 
I wanted to spend for a 7 year old car. I guess, I'm just old school. I don't believe in 
the no hassle pricing. That just works for the dealer. I person I talked too was nice he 
did listen. I did give him a price I felt was a good deal. But, it's their car. They sell it for 
whatever they want too. I told them that someone will come along an buy it.",https://static1.cargurus.com/gfx/dealersnearme/dealer_logo_placeholder.png,public/uploads/dealer/753 dealerships within 100 mi_Houston_TX.jpg,5 mi,3.5,15,https://www.cargurus.com/Cars/m-Done-Deal-Auto-Sales-sp441602,"['1', '1']"
D-24787089,AUTOTROPHIES,N/A,3361 Fountain View Dr,Houston,TX,"Houston, TX",N/A,77057,Great,https://static.cargurus.com/images/site/2022/10/25/13/20/autotrophies-pic-17704842037552753702-200x200.jpeg,public/uploads/dealer/753 dealerships within 100 mi_Houston_TX.jpg,5 mi,4.0,1,https://www.cargurus.com/Cars/m-AUTOTROPHIES-sp448762,"['1', '1']"
D-24787090,Ortiz Auto Sales 1 LLC,N/A,5701 W Montgomery Rd,Houston,TX,"Houston, TX",N/A,77091,Good,https://static1.cargurus.com/gfx/dealersnearme/dealer_logo_placeholder.png,public/uploads/dealer/753 dealerships within 100 mi_Houston_TX.jpg,5 mi,5.0,2,https://www.cargurus.com/Cars/m-Ortiz-Auto-Sales-1-LLC-sp448142,"['1', '1']"
D-24787091,"MetacarsTX, LLC",N/A,4833 Pinemont Dr,Houston,TX,"Houston, TX",N/A,77092,No reviews available,https://static.cargurus.com/images/site/2024/06/28/11/48/metacarstx__llc-pic-14043757482439579925-200x200.jpeg,public/uploads/dealer/753 dealerships within 100 mi_Houston_TX.jpg,5 mi,N/A,N/A,https://www.cargurus.com/Cars/m-MetacarsTX-LLC-sp455565,"['1', '1']"
D-24787092,United Express Auto,N/A,5907 Star Lane,Houston,TX,"Houston, TX",N/A,77057,Exceptional service,https://static1.cargurus.com/gfx/dealersnearme/dealer_logo_placeholder.png,public/uploads/dealer/753 dealerships within 100 mi_Houston_TX.jpg,5 mi,5.0,1,https://www.cargurus.com/Cars/m-United-Express-Auto-sp401323,"['1', '1']"
D-24787093,Texas Car Club,N/A,5918 Southwest Fwy,Houston,TX,"Houston, TX",N/A,77057,They met all expectations.,https://static.cargurus.com/images/site/2024/05/09/09/18/texas_car_club-pic-8520914366291021546-200x200.jpeg,public/uploads/dealer/753 dealerships within 100 mi_Houston_TX.jpg,5 mi,5.0,2,https://www.cargurus.com/Cars/m-Texas-Car-Club-sp453400,"['1', '1']"
D-24787094,ANF Auto Finance,N/A,6004 North Shepherd Drive,Houston,TX,"Houston, TX",N/A,77091,"When I reached out to this dealership via the link posted on CarGurus, I received a return email with a contact name and phone number asking  if I wanted to come test drive 
the vehicle, but they never answered my question in regards to if the vehicle had heated seats.  I emailed them back and asked again if the vehicle had heated seats and 
never got a reply.  I can't say if they are a good dealership but the lack of response would make one wonder how efficient they might be.",https://static.cargurus.com/images/site/2018/07/03/14/12/anf_auto_finance-pic-6648598721400212288-200x200.jpeg,public/uploads/dealer/753 dealerships within 100 mi_Houston_TX.jpg,5 mi,4.1,72,https://www.cargurus.com/Cars/m-ANF-Auto-Finance-sp319771,"['1', '1']"
D-24787095,Tidwell Motors,N/A,33 Tidwell Rd,Houston,TX,"Houston, TX",N/A,77022,No reviews available,No image,,5 mi,N/A,N/A,https://www.cargurus.com/Cars/m-Tidwell-Motors-sp409941,"['1', '1']"
D-24787096,DanyCar Houston,N/A,6228 Richmond Ave,Houston,TX,"Houston, TX",N/A,77057,No reviews available,https://static.cargurus.com/images/site/2024/09/13/10/56/danycar_houston-pic-10263028651809597528-200x200.jpeg,public/uploads/dealer/753 dealerships within 100 mi_Houston_TX.jpg,5 mi,N/A,N/A,https://www.cargurus.com/Cars/m-DanyCar-Houston-sp456831,"['1', '1']"
D-24787097,SOHO Motor Cars,N/A,"6060 Southwest Fwy,  Suite A",Houston,TX,"Houston, TX",N/A,77057,Trucks great,https://static.cargurus.com/images/site/2019/07/02/12/36/soho_motor_cars-pic-3482785138705840062-200x200.jpeg,public/uploads/dealer/753 dealerships within 100 mi_Houston_TX.jpg,5 mi,4.4,15,https://www.cargurus.com/Cars/m-SOHO-Motor-Cars-sp335770,"['1', '1']"
D-24787098,Ferrari of Houston,N/A,6100 Southwest Fwy,Houston,TX,"Houston, TX",N/A,77057,"Did not buy a car yet the sales person was extremely helpful, answered my questions thoroughly and in a timely manner",https://static.cargurus.com/images/site/2023/06/22/12/47/ferrari_of_houston-pic-6329757683732858373-200x200.jpeg,public/uploads/dealer/753 dealerships within 100 mi_Houston_TX.jpg,5 mi,5.0,5,https://www.cargurus.com/Cars/m-Ferrari-of-Houston-sp238427,"['1', '1']"
D-24787099,Car Cafe LLC,N/A,12129 Sowden Rd,Houston,TX,"Houston, TX",N/A,77080,"Fine. Son wanted a newer model! Thank you!
I genuinely appreciate your interest.",https://static.cargurus.com/images/site/2019/11/08/16/57/car_cafe_llc-pic-8221519494522724498-200x200.jpeg,public/uploads/dealer/753 dealerships within 100 mi_Houston_TX.jpg,6 mi,5.0,1,https://www.cargurus.com/Cars/m-Car-Cafe-LLC-sp373699,"['1', '1']"
D-24787100,KLB Auto Sale,N/A,6402 N Shepherd Dr,Houston,TX,"Houston, TX",N/A,77091,No reviews available,https://static1.cargurus.com/gfx/dealersnearme/dealer_logo_placeholder.png,public/uploads/dealer/753 dealerships within 100 mi_Houston_TX.jpg,6 mi,N/A,N/A,https://www.cargurus.com/Cars/m-KLB-Auto-Sale-sp455575,"['1', '1']"
D-24787101,Dave Cory Motors,N/A,6445 North Fwy,Houston,TX,"Houston, TX",N/A,77076,No reviews available,https://static.cargurus.com/images/site/2017/05/30/17/50/dave_cory_motors-pic-2091526376455912840-200x200.jpeg,public/uploads/dealer/753 dealerships within 100 mi_Houston_TX.jpg,6 mi,N/A,N/A,https://www.cargurus.com/Cars/m-Dave-Cory-Motors-sp352490,"['1', '1']"
D-24787102,Texas Car Direct,N/A,6510 North Shepherd Drive,Houston,TX,"Houston, TX",N/A,77091,No reviews available,https://static.cargurus.com/images/site/2019/05/06/19/56/texas_car_direct-pic-4980937839369766560-200x200.jpeg,public/uploads/dealer/753 dealerships within 100 mi_Houston_TX.jpg,6 mi,N/A,N/A,https://www.cargurus.com/Cars/m-Texas-Car-Direct-sp413746,"['1', '1']"
D-24787103,Motor Village LLC,N/A,9025 Ruland Road,Houston,TX,"Houston, TX",N/A,77055,No reviews available,https://static1.cargurus.com/gfx/dealersnearme/dealer_logo_placeholder.png,public/uploads/dealer/753 dealerships within 100 mi_Houston_TX.jpg,6 mi,N/A,N/A,https://www.cargurus.com/Cars/m-Motor-Village-LLC-sp435875,"['1', '1']"
D-24787104,Saipan Auto Sales,N/A,6802 N Shepherd Dr,Houston,TX,"Houston, TX",N/A,77091,No reviews available,https://static1.cargurus.com/gfx/dealersnearme/dealer_logo_placeholder.png,public/uploads/dealer/753 dealerships within 100 mi_Houston_TX.jpg,6 mi,N/A,N/A,https://www.cargurus.com/Cars/m-Saipan-Auto-Sales-sp401059,"['1', '1']"
D-24787105,"Kosher Auto Sales, LLC",N/A,5233 Bellaire Blvd,Bellaire,TX,"Bellaire, TX",N/A,77401,No reviews available,No image,,6 mi,N/A,N/A,https://www.cargurus.com/Cars/m-Kosher-Auto-Sales-LLC-sp443654,"['1', '1']"
D-24787106,Advanced Auto Credit Inc,N/A,12445 Northwest Freeway,Houston,TX,"Houston, TX",N/A,77092,Good experience with the dealer.,https://static1.cargurus.com/gfx/dealersnearme/dealer_logo_placeholder.png,public/uploads/dealer/753 dealerships within 100 mi_Houston_TX.jpg,6 mi,4.2,13,https://www.cargurus.com/Cars/m-Advanced-Auto-Credit-Inc-sp414861,"['1', '1']"
D-24787107,Ari Motors,N/A,6825 N Shepherd Dr,Houston,TX,"Houston, TX",N/A,77091,They provided what the had regarding vehicle in question.,https://static.cargurus.com/images/site/2016/07/11/10/24/ari_motors-pic-1189901790237119997-200x200.jpeg,public/uploads/dealer/753 dealerships within 100 mi_Houston_TX.jpg,6 mi,4.0,1,https://www.cargurus.com/Cars/m-Ari-Motors-sp379367,"['1', '1']"
D-24787108,DriveTime of West Houston,N/A,6335 Southwest Freeway,Houston,TX,"Houston, TX",N/A,77074,No reviews available,No image,,6 mi,N/A,N/A,https://www.cargurus.com/Cars/m-DriveTime-of-West-Houston-sp342928,"['1', '1']"
D-24787109,All Star Motors Inc,N/A,3202 Jeanneta Rd,Houston,TX,"Houston, TX",N/A,77063,"Respectfully, Courteous and willingness to work with customer",https://static.cargurus.com/images/site/2018/09/18/11/44/all_star_motors_inc-pic-2848597426202817034-200x200.jpeg,public/uploads/dealer/753 dealerships within 100 mi_Houston_TX.jpg,6 mi,4.0,4,https://www.cargurus.com/Cars/m-All-Star-Motors-Inc-sp405149,"['1', '1']"
D-24787110,USA Family Cars,N/A,9142 Long Point Road,Houston,TX,"Houston, TX",N/A,77080,No reviews available,https://static1.cargurus.com/gfx/dealersnearme/dealer_logo_placeholder.png,public/uploads/dealer/753 dealerships within 100 mi_Houston_TX.jpg,6 mi,N/A,N/A,https://www.cargurus.com/Cars/m-USA-Family-Cars-sp454477,"['1', '1']"
D-24787111,Bassil Motors,N/A,"3939 Hillcroft St,  Suite 125",Houston,TX,"Houston, TX",N/A,77057,No reviews available,No image,,6 mi,N/A,N/A,https://www.cargurus.com/Cars/m-Bassil-Motors-sp436345,"['1', '1']"
D-24787112,Sterling McCall Ford,N/A,6445 Southwest Fwy,Houston,TX,"Houston, TX",N/A,77074,Everyone was very helpful!,https://static.cargurus.com/images/site/2019/04/02/17/09/sterling_mccall_ford-pic-4796146042756566098-200x200.jpeg,public/uploads/dealer/753 dealerships within 100 mi_Houston_TX.jpg,6 mi,3.8,13,https://www.cargurus.com/Cars/m-Sterling-McCall-Ford-sp278191,"['1', '1']"
D-24787113,AC Motorcars,N/A,6923 Stearns St,Houston,TX,"Houston, TX",N/A,77021,No reviews available,No image,,6 mi,N/A,N/A,https://www.cargurus.com/Cars/m-AC-Motorcars-sp398811,"['1', '1']"
D-24787114,HFA MOTORS,N/A,9010 Jensen Dr,Houston,TX,"Houston, TX",N/A,77093,No reviews available,https://static1.cargurus.com/gfx/dealersnearme/dealer_logo_placeholder.png,public/uploads/dealer/753 dealerships within 100 mi_Houston_TX.jpg,6 mi,N/A,N/A,https://www.cargurus.com/Cars/m-HFA-MOTORS-sp454032,"['1', '1']"
D-24787115,HGreg Houston,N/A,6737 Southwest Fwy,Houston,TX,"Houston, TX",N/A,77074,They contacted us a few times and went with another dealer.,https://static.cargurus.com/images/site/2023/11/15/12/08/hgreg_houston-pic-1878447604125900975-200x200.jpeg,public/uploads/dealer/753 dealerships within 100 mi_Houston_TX.jpg,6 mi,3.9,33,https://www.cargurus.com/Cars/m-HGreg-Houston-sp452674,"['1', '1']"
D-24787116,Nationwide Enterprise #2,N/A,1613 Blalock Rd,Houston,TX,"Houston, TX",N/A,77080,"Adam was up front and honest about the vehicle we went to view. It turned out to not be what my son was 
looking for and did not work out for us, but we would have used them if the vehicle was to our liking.  No issues 
with them that I saw.",https://static.cargurus.com/images/site/2023/02/01/00/44/nationwide_enterprise__2-pic-2157011061675779382-200x200.jpeg,public/uploads/dealer/753 dealerships within 100 mi_Houston_TX.jpg,6 mi,5.0,5,https://www.cargurus.com/Cars/m-Nationwide-Enterprise-2-sp449714,"['1', '1']"
D-24787117,4 Girls Auto Sales,N/A,2005 Gessner Dr,Houston,TX,"Houston, TX",N/A,77080,"Not very good expirence, I asked what would be the least on a car and apparently all his cars were the price cash and if we finance it's more as if the bank isn't gonna pay in full.",https://static.cargurus.com/images/site/2018/03/05/13/28/4_girls_auto_sales-pic-4354598271878998703-200x200.jpeg,public/uploads/dealer/753 dealerships within 100 mi_Houston_TX.jpg,6 mi,3.7,3,https://www.cargurus.com/Cars/m-4-Girls-Auto-Sales-sp381422,"['1', '1']"
D-24787118,J&J Auto Group,N/A,2309 Tidwell Rd,Houston,TX,"Houston, TX",N/A,77093,Very good customer service and great cars they got,https://static1.cargurus.com/gfx/dealersnearme/dealer_logo_placeholder.png,public/uploads/dealer/753 dealerships within 100 mi_Houston_TX.jpg,6 mi,3.0,2,https://www.cargurus.com/Cars/m-J-J-Auto-Group-sp452676,"['1', '1']"
D-24787119,Excel Auto Group Auto Sales,N/A,920 N Victory Dr,Houston,TX,"Houston, TX",N/A,77088,No reviews available,https://static1.cargurus.com/gfx/dealersnearme/dealer_logo_placeholder.png,public/uploads/dealer/753 dealerships within 100 mi_Houston_TX.jpg,6 mi,N/A,N/A,https://www.cargurus.com/Cars/m-Excel-Auto-Group-Auto-Sales-sp457125,"['1', '1']"
D-24787120,RBF Auto Sales,N/A,3402 Dunvale Rd,Houston,TX,"Houston, TX",N/A,77063,No reviews available,https://static.cargurus.com/images/site/2019/08/13/08/20/rbf_auto_sales-pic-6130845090953892008-200x200.jpeg,public/uploads/dealer/753 dealerships within 100 mi_Houston_TX.jpg,7 mi,N/A,N/A,https://www.cargurus.com/Cars/m-RBF-Auto-Sales-sp365444,"['1', '1']"
D-24787121,Bandana Certified Motors,N/A,5701 Harrisburg Boulevard,Houston,TX,"Houston, TX",N/A,77011,"Late response, I called him and he text me then I 
asked him some questions but until now he didnât 
respond back",https://static1.cargurus.com/gfx/dealersnearme/dealer_logo_placeholder.png,public/uploads/dealer/753 dealerships within 100 mi_Houston_TX.jpg,7 mi,3.5,4,https://www.cargurus.com/Cars/m-Bandana-Certified-Motors-sp416020,"['1', '1']"
D-24787122,IA Cars R Us,N/A,8614 Schumacher Lane,Houston,TX,"Houston, TX",N/A,77063,No reviews available,No image,,7 mi,4.7,3,https://www.cargurus.com/Cars/m-IA-Cars-R-Us-sp380526,"['1', '1']"
D-24787123,Titanium Auto Sale,N/A,"8618 Richmond Ave,  #108",Houston,TX,"Houston, TX",N/A,77063,"I live 3 hours away from autonation but they had the exact car i was looking for. we negotiated pricing via email and text late one evening and i flew to corpus christi the next morning to pick up car. they picked me up at airport and had the vehicle ready to go when i arrived. i signed the papers, jumped in the car and drove home ! now we have the perfect gift for my daughter at christmas!! Everyone was highly professional and great to work with. would definitely recommend the dealer to all my friends and family! Thanks David, Neal, Javier, Arnold, and Michelle!",https://static.cargurus.com/images/site/2019/10/02/16/23/titanium_auto_sale-pic-4197742875194397909-200x200.jpeg,public/uploads/dealer/753 dealerships within 100 mi_Houston_TX.jpg,7 mi,4.0,4,https://www.cargurus.com/Cars/m-Titanium-Auto-Sale-sp353350,"['1', '1']"
D-24787124,Orange Auto Sales,N/A,8614 Schumacher Ln,Houston,TX,"Houston, TX",N/A,77063,"Had an excellent experience, and ended up going home with this 2014 Ford Focus Titanium.",https://static.cargurus.com/images/site/2024/09/13/17/32/orange_auto_sales-pic-947846750142718014-200x200.jpeg,public/uploads/dealer/753 dealerships within 100 mi_Houston_TX.jpg,7 mi,5.0,1,https://www.cargurus.com/Cars/m-Orange-Auto-Sales-sp455332,"['1', '1']"
D-24787125,Jireh Motors,N/A,1633 Oak Tree Dr,Houston,TX,"Houston, TX",N/A,77080,No reviews available,No image,,7 mi,N/A,N/A,https://www.cargurus.com/Cars/m-Jireh-Motors-sp446493,"['1', '1']"
D-24787126,Jimy's Direct Auto,N/A,4004 Arc Street,Houston,TX,"Houston, TX",N/A,77063,"After speaking to the dealer over the phone, I made my way to the location. He would not run my information but my wife's then proceeded to tell me that the bank rejected and he had no idea why. There was no effort to try to see if adding me would help. He also tried to lowball my trade in, my car is a bit rough but $500 for a running vehicle is crazy today.",https://static1.cargurus.com/gfx/dealersnearme/dealer_logo_placeholder.png,public/uploads/dealer/753 dealerships within 100 mi_Houston_TX.jpg,7 mi,3.3,7,https://www.cargurus.com/Cars/m-Jimys-Direct-Auto-sp368925,"['1', '1']"
D-24787127,Richmond Auto Sale,N/A,8717 Richmond Ave,Houston,TX,"Houston, TX",N/A,77063,No reviews available,https://static1.cargurus.com/gfx/dealersnearme/dealer_logo_placeholder.png,public/uploads/dealer/753 dealerships within 100 mi_Houston_TX.jpg,7 mi,N/A,N/A,https://www.cargurus.com/Cars/m-Richmond-Auto-Sale-sp454950,"['1', '1']"
D-24787128,Car Michael Automotive,N/A,8707 Richmond Ave,Houston,TX,"Houston, TX",N/A,77063,No reviews available,https://static1.cargurus.com/gfx/dealersnearme/dealer_logo_placeholder.png,public/uploads/dealer/753 dealerships within 100 mi_Houston_TX.jpg,7 mi,N/A,N/A,https://www.cargurus.com/Cars/m-Car-Michael-Automotive-sp457071,"['1', '1']"
D-24787129,Houston Auto Group,N/A,3404 Buttercup St,Houston,TX,"Houston, TX",N/A,77063,"He was very short, and he was talking to somebody else why he was talking to me",https://static1.cargurus.com/gfx/dealersnearme/dealer_logo_placeholder.png,public/uploads/dealer/753 dealerships within 100 mi_Houston_TX.jpg,7 mi,4.2,16,https://www.cargurus.com/Cars/m-Houston-Auto-Group-sp445496,"['1', '1']"
D-24787130,Russell & Smith Ford,N/A,3440 South Loop West Freeway,Houston,TX,"Houston, TX",N/A,77025,While here in Nebraska these guys went above and beyond and got a deal done. Highly recommend these guys. Made everything simple and answered all my needs and questions . Special thanks to Amir and DJ .,https://static.cargurus.com/images/site/2016/04/21/17/30/russell_and_smith_ford-pic-2224138110825208081-200x200.jpeg,public/uploads/dealer/753 dealerships within 100 mi_Houston_TX.jpg,7 mi,4.1,15,https://www.cargurus.com/Cars/m-Russell-Smith-Ford-sp278174,"['1', '1']"
